Time (s),Power (W)
0,0
1,0
2,0
3,0
4,0
5,0
6,0
7,0
8,0
9,0
10,0
11,0
12,0
13,0
14,0
15,0
16,0
17,0
18,0
19,0
20,0
21,770.870771
22,1801.887062
23,2407.273459
24,3026.017684
25,3730.570951
26,4210.13657
27,1446.078333
28,2075.932697
29,5070.187271
30,2846.402858
31,2416.726702
32,1430.095838
33,494.4513884
34,15.86437807
35,-3.644674698
36,193.6333953
37,71.89323358
38,-3578.7856
39,-2192.728984
40,687.2833771
41,1105.776819
42,1133.890032
43,1427.921462
44,2417.778528
45,3958.747644
46,4340.025099
47,3985.689769
48,1581.717853
49,874.5413212
50,1099.868759
51,-1229.243569
52,-2918.935458
53,-2046.185191
54,-1091.309117
55,746.60443
56,3453.234359
57,4308.934253
58,4163.306802
59,4093.273771
60,3193.035163
61,2208.199749
62,1877.994057
63,1647.93789
64,632.1990366
65,1112.094944
66,1735.744323
67,1628.015717
68,1128.059037
69,1244.571482
70,1366.113264
71,2395.000709
72,2463.966153
73,1596.343448
74,809.6227129
75,399.2024293
76,1647.93789
77,2183.562583
78,2767.146564
79,1501.51014
80,833.0850768
81,2407.776439
82,2739.627331
83,3389.985261
84,4267.687886
85,3431.73676
86,3052.494362
87,2669.681496
88,2560.475428
89,2753.287026
90,2012.050576
91,1542.764953
92,1677.240091
93,1817.744437
94,2120.233822
95,3067.67282
96,932.8018064
97,740.7131186
98,1012.61182
99,2624.028737
100,3133.015956
101,2900.617071
102,2484.192083
103,2352.216438
104,1735.399773
105,782.9968927
106,588.1204057
107,2056.342774
108,2678.879792
109,3194.359868
110,3277.441436
111,3686.713455
112,3139.987223
113,2703.694165
114,1738.282627
115,901.1003233
116,-5483.045797
117,-5615.624363
118,-5179.188997
119,-4666.864755
120,-4081.751213
121,-3364.864105
122,-3058.434129
123,-2491.482924
124,-1644.089997
125,-366.4777827
126,0
127,0
128,0
129,0
130,0
131,0
132,0
133,0
134,0
135,0
136,0
137,0
138,0
139,0
140,0
141,0
142,0
143,0
144,0
145,0
146,0
147,0
148,0
149,0
150,0
151,0
152,0
153,0
154,0
155,0
156,0
157,0
158,0
159,0
160,0
161,0
162,0
163,0
164,407.167451
165,1223.239683
166,1723.478395
167,2006.977448
168,2590.25488
169,2759.80714
170,2459.177254
171,2501.393777
172,2096.508777
173,1463.248296
174,83.07531897
175,251.3126325
176,416.1818363
177,1027.584673
178,952.0606303
179,961.7335942
180,1156.523698
181,2180.440329
182,186.7151062
183,-1532.219352
184,-448.9621276
185,-1963.015328
186,-672.1417788
187,182.2857082
188,1146.71385
189,865.1626033
190,1544.658399
191,2322.739186
192,2677.318038
193,3371.291762
194,4201.73837
195,4377.690908
196,4370.346947
197,2608.644773
198,4009.116909
199,3182.31334
200,3735.519477
201,3778.725149
202,4106.588217
203,3336.608425
204,3133.015956
205,3057.645552
206,2019.955059
207,1706.134432
208,1847.746527
209,1684.42906
210,1980.664046
211,1980.664046
212,1980.664046
213,1980.664046
214,2292.523066
215,2309.462377
216,2800.539769
217,3008.641221
218,3231.285084
219,2811.362844
220,3015.453065
221,3233.306578
222,2924.34289
223,3301.017523
224,3535.993358
225,4135.456561
226,4081.572106
227,3653.299212
228,3180.678815
229,2851.210359
230,2500.456345
231,2132.112164
232,2641.886657
233,3000.766865
234,3201.964372
235,3339.293706
236,3025.079498
237,3404.699635
238,3087.347324
239,3289.532174
240,2958.114767
241,2786.545383
242,2423.750405
243,2766.621565
244,2766.621565
245,2766.621565
246,2766.621565
247,2766.621565
248,2585.699023
249,2215.798301
250,2189.02134
251,1486.476816
252,1790.755863
253,1927.900852
254,2071.378646
255,2045.743418
256,2370.914912
257,3065.492467
258,2742.220673
259,2751.99753
260,2584.44426
261,2054.262406
262,1853.647964
263,1821.322342
264,1789.408278
265,1586.930796
266,2913.473976
267,1742.30232
268,2220.435511
269,2042.141404
270,2025.611088
271,2515.290499
272,2694.106584
273,2883.75785
274,3085.357155
275,3300.095408
276,3353.845784
277,3408.239804
278,4359.466865
279,3575.342083
280,3014.793795
281,3393.732855
282,2717.278419
283,2358.884251
284,1667.412574
285,1440.617748
286,859.9293565
287,624.7803248
288,730.8955194
289,2346.273045
290,2346.273045
291,1505.898377
292,653.0406093
293,2076.511305
294,2399.561245
295,2076.511305
296,1573.757041
297,2035.632044
298,2191.38915
299,2191.38915
300,1537.854497
301,1187.293402
302,1308.498304
303,648.2234352
304,296.6646944
305,102.9425846
306,59.35724146
307,-123.7238457
308,117.3704398
309,-52.81434042
310,-995.4607797
311,-626.2080195
312,-895.2482373
313,-544.2061448
314,-328.2910974
315,-124.3753275
316,71.89323358
317,901.4954811
318,472.3787009
319,-159.85053
320,-559.8596743
321,-1757.945623
322,-2139.740421
323,-509.9656629
324,-134.6400329
325,138.0873736
326,-520.2710514
327,-491.1132395
328,-1428.679515
329,-550.2128636
330,-1009.325613
331,-1032.537911
332,-645.7016537
333,-44.62540523
334,0
335,0
336,0
337,0
338,0
339,0
340,0
341,0
342,0
343,0
344,0
345,0
346,0
347,138.3544863
348,1489.777365
349,2747.321072
350,3562.103651
351,4163.26836
352,4899.909652
353,5175.525917
354,5495.259015
355,3441.921088
356,4310.232936
357,4494.651895
358,4957.401025
359,6160.288468
360,3946.997473
361,4102.860842
362,3437.270811
363,3980.59413
364,4452.047319
365,4794.585219
366,2859.208602
367,3231.551578
368,2389.106653
369,1678.826882
370,3034.626185
371,4846.590615
372,4017.265623
373,2678.280614
374,2678.280614
375,2678.280614
376,2678.280614
377,2678.280614
378,3035.391487
379,3415.692838
380,3097.817989
381,2395.791082
382,1661.673995
383,217.8414816
384,-201.7177377
385,742.6995739
386,-3254.831352
387,-3812.308953
388,-5675.518533
389,-4043.358282
390,-3686.569642
391,-3571.634208
392,-3418.62406
393,-2358.875783
394,-3023.039806
395,-2448.579277
396,-1569.161243
397,-343.2657151
398,0
399,0
400,0
401,0
402,0
403,600.9909113
404,1920.077257
405,2939.798712
406,3692.304812
407,4724.742299
408,5746.732775
409,6639.621927
410,6303.245468
411,2710.93765
412,5576.008187
413,5160.705267
414,4218.843171
415,2233.958937
416,1634.587592
417,1163.827751
418,995.5380138
419,663.3669604
420,-102.8068906
421,-4870.57871
422,-5122.244984
423,-4603.845731
424,-3928.835525
425,-3375.170861
426,-2969.872509
427,-2384.16296
428,-1510.915305
429,-257.9108911
430,0
431,0
432,0
433,0
434,0
435,0
436,0
437,0
438,0
439,0
440,0
441,0
442,0
443,0
444,0
445,0
446,0
447,0
448,928.4889424
449,2284.353486
450,3170.97939
451,3932.821904
452,4964.61196
453,5988.153347
454,7002.481267
455,7877.474216
456,4756.299239
457,4781.49139
458,7706.488326
459,6004.947914
460,3978.823053
461,5671.224045
462,3441.187593
463,4036.280136
464,4041.318496
465,2340.589557
466,3035.391487
467,2876.756814
468,2171.302339
469,1831.984468
470,3517.354949
471,2678.280614
472,1651.376756
473,2320.517867
474,2302.338329
475,2105.925491
476,2613.047187
477,2613.047187
478,2613.047187
479,2613.047187
480,2613.047187
481,2079.975992
482,2939.471243
483,2781.485003
484,3507.78965
485,1766.337547
486,2079.975992
487,2584.44426
488,2584.44426
489,2054.262406
490,2028.783473
491,2178.025215
492,-244.5506401
493,-1632.296288
494,-2584.989463
495,-3147.183442
496,-3824.181228
497,-4620.450591
498,-3706.902628
499,-4326.085135
500,-3698.812124
501,-2887.482583
502,-2835.00835
503,-2282.65612
504,-1226.586137
505,-53.59776556
506,0
507,0
508,0
509,0
510,0
511,185.6703611
512,964.3872746
513,1346.445157
514,1067.058201
515,1910.085265
516,1498.271854
517,1411.644726
518,1870.909971
519,3052.457152
520,3305.929088
521,3206.422409
522,2941.530761
523,2856.751754
524,2531.716002
525,2897.982704
526,3065.901286
527,2790.387316
528,2663.963927
529,2120.107115
530,1647.93789
531,1402.113359
532,1402.113359
533,1402.113359
534,1402.113359
535,1402.113359
536,2710.93765
537,1862.692494
538,1884.463197
539,700.3618144
540,543.7683685
541,1031.045243
542,1402.113359
543,1402.113359
544,125.3304632
545,-1141.315221
546,-4890.302919
547,-4326.085135
548,-3698.812124
549,-3357.580888
550,-2802.432145
551,-2122.314151
552,-912.4142991
553,0
554,0
555,0
556,0
557,0
558,0
559,0
560,0
561,0
562,0
563,0
564,0
565,0
566,0
567,0
568,0
569,928.4889424
570,2284.353486
571,3170.97939
572,3707.869309
573,2576.794898
574,2547.00161
575,2227.955945
576,825.9780909
577,825.9780909
578,1553.945564
579,1125.655265
580,852.2779734
581,565.8740077
582,92.68769767
583,637.4186701
584,444.4211133
585,1361.814896
586,1015.911373
587,644.6741023
588,264.4212063
589,615.9859143
590,791.9612281
591,976.344437
592,1361.814896
593,1744.469401
594,2219.609103
595,2034.471953
596,2669.519336
597,2429.90457
598,1300.300534
599,1199.434791
600,1885.72418
601,1821.476521
602,1865.042016
603,1430.095838
604,1203.378732
605,1203.378732
606,1562.267166
607,3107.884612
608,4180.251097
609,3264.701508
610,2587.66203
611,2656.336303
612,-318.3463131
613,-5325.057375
614,-4828.785137
615,-4258.688324
616,-3625.772379
617,-3206.031084
618,-2769.523302
619,-1989.680497
620,-736.4172622
621,0
622,0
623,0
624,0
625,0
626,0
627,0
628,0
629,0
630,0
631,0
632,0
633,0
634,0
635,0
636,0
637,0
638,0
639,0
640,0
641,0
642,0
643,0
644,0
645,0
646,364.5472501
647,1429.25229
648,2398.23125
649,2650.220653
650,2851.04692
651,2388.358817
652,2347.982598
653,3810.950986
654,4261.3907
655,3334.71132
656,3248.695637
657,3343.981112
658,3592.836561
659,3028.166304
660,2091.178128
661,2264.620214
662,1771.124361
663,1649.587027
664,1520.708406
665,1928.541378
666,1813.609309
667,1553.107116
668,466.6336913
669,435.876992
670,-2361.088961
671,-2987.297014
672,-3844.783352
673,-2368.39094
674,-1796.576343
675,-2766.584268
676,-2576.248015
677,-2136.211266
678,-1294.543539
679,-433.3333176
680,-299.0895855
681,0
682,0
683,0
684,0
685,0
686,0
687,0
688,0
689,0
690,0
691,0
692,0
693,0
694,239.7369868
695,833.1743423
696,866.4507753
697,1712.476121
698,2556.691236
699,2395.243688
700,2990.51862
701,2014.951907
702,3087.201655
703,1243.659749
704,527.4934342
705,791.9612281
706,3311.77233
707,2509.327921
708,2560.21911
709,3431.117385
710,2981.389851
711,1203.378732
712,494.4513884
713,2238.511727
714,2437.57513
715,1608.355898
716,-656.281779
717,-432.4324461
718,-879.109538
719,-3117.514471
720,-3516.022923
721,-3004.714525
722,-2728.153681
723,-2177.6129
724,-984.8578632
725,-589.438015
726,-164.8427882
727,-298.0049825
728,42.37836038
729,861.6391869
730,2226.592117
731,2993.722291
732,3335.201779
733,2388.358817
734,3305.929088
735,3689.99153
736,3526.734463
737,4233.854669
738,4188.454454
739,3936.031575
740,3422.140348
741,3602.338209
742,2935.896574
743,2748.605556
744,2245.205334
745,2715.631
746,2484.44496
747,1784.64323
748,1048.790942
749,1456.686381
750,1298.887902
751,565.915628
752,114.0906969
753,-1256.411174
754,-2604.988342
755,-2521.666376
756,-3252.028537
757,-2983.261725
758,-1480.05539
759,-2277.672898
760,-2978.841993
761,-2586.687886
762,-1877.407871
763,-456.2960016
764,127.3678712
765,-107.1373336
766,-12.54687647
767,630.8749231
768,1640.367296
769,2511.616306
770,3452.658133
771,4299.942936
772,3013.610347
773,1431.876118
774,1394.278664
775,1630.587295
776,2647.762232
777,3303.630366
778,4765.307599
779,3804.231646
780,2089.945616
781,869.9593639
782,1162.060633
783,2732.82731
784,1802.151152
785,1204.980037
786,74.53312192
787,-975.6695335
788,-221.2327339
789,1168.032995
790,1739.857032
791,1101.402667
792,-848.0910571
793,-540.0513239
794,-54.39794729
795,829.4363884
796,1574.356357
797,1495.485974
798,665.3383065
799,127.8843222
800,648.0200709
801,1746.307445
802,5094.015871
803,4372.611403
804,3815.483837
805,2901.796945
806,11.36183387
807,2355.775972
808,2884.794325
809,3299.909149
810,1569.064279
811,246.2239813
812,78.39201247
813,155.1896149
814,913.0458976
815,990.0223437
816,1679.932664
817,-361.3937471
818,-1247.2119
819,-200.608757
820,423.556306
821,1647.107439
822,-217.2572404
823,-485.7660551
824,-246.1117148
825,-142.1020114
826,588.1530412
827,1567.990167
828,1303.456739
829,957.1630435
830,246.3642168
831,-662.5221351
832,-760.3322264
833,-377.8334868
834,572.6768551
835,-233.1399079
836,-2880.069229
837,-3964.429602
838,-3406.671511
839,-2184.125468
840,-1256.694256
841,834.7100251
842,1801.188998
843,918.4125355
844,498.1640365
845,1375.904567
846,2159.371865
847,2263.708433
848,2187.959287
849,1865.708233
850,1706.673743
851,1561.510477
852,1155.958214
853,1977.478944
854,1531.346059
855,626.2007606
856,1091.136089
857,794.768092
858,2653.688815
859,1924.187965
860,1834.845819
861,907.0052946
862,-450.1494519
863,-2090.007776
864,-661.3787751
865,397.6400622
866,-1092.099777
867,-1040.222811
868,-1195.271304
869,279.4353788
870,924.3258483
871,1916.550889
872,1832.556358
873,1965.272813
874,1535.614658
875,1059.075437
876,892.260183
877,2454.582056
878,3233.740325
879,1885.406178
880,323.0452392
881,-498.2280281
882,-247.8282525
883,95.31429736
884,819.9297963
885,1251.616075
886,667.4866617
887,-998.471729
888,-1162.844605
889,-674.7402715
890,2192.303759
891,2675.615679
892,1616.206658
893,442.3034793
894,-688.5482218
895,765.9528475
896,1298.67229
897,1711.949093
898,492.8315056
899,-468.3783095
900,-1405.730583
901,-498.8918766
902,660.5012254
903,1528.198854
904,1286.513989
905,15.05227697
906,-546.7063403
907,-169.0852295
908,-27.7331506
909,837.6837133
910,1357.496862
911,1154.970866
912,-297.8440008
913,-957.3798195
914,-1457.750367
915,-1132.061303
916,-1265.463762
917,-380.8207292
918,-128.9159619
919,-337.9420472
920,1688.971915
921,2231.497424
922,2472.616752
923,1342.282227
924,538.8362291
925,625.6533083
926,380.6605199
927,832.3220772
928,1622.891478
929,1648.976236
930,-168.1908731
931,-647.6502796
932,-274.0818659
933,443.3705176
934,581.1509724
935,936.1496305
936,292.3680758
937,-142.4525499
938,-6.373030619
939,1185.460014
940,1044.065309
941,629.9810236
942,908.8473624
943,-928.5664571
944,341.0460324
945,1222.354172
946,1876.361773
947,393.3037615
948,-1130.57749
949,-3581.492484
950,-3770.236889
951,-5577.444472
952,-4265.593506
953,-3545.51815
954,-3061.713603
955,-2610.067454
956,-1429.254473
957,-28.34989052
958,0
959,0
960,362.9406742
961,1549.264341
962,2207.374574
963,2618.800386
964,3742.863676
965,3654.701316
966,2601.4425
967,2927.850175
968,1936.031264
969,1125.593551
970,1668.777011
971,3505.686935
972,5109.251745
973,3973.483653
974,2021.087556
975,415.8281018
976,154.5408807
977,696.7250507
978,1576.347594
979,-186.1898081
980,462.2408163
981,-721.9030211
982,-1111.30713
983,-372.1054619
984,103.8740844
985,829.4762418
986,-69.22087968
987,-2308.057629
988,-4239.973904
989,-1020.223259
990,621.1620739
991,1676.51618
992,2185.869625
993,1142.428833
994,-743.5145663
995,-259.3753422
996,835.4021894
997,549.239343
998,1109.368471
999,431.0971888
1000,1247.732978
1001,610.5448077
1002,1533.22089
1003,1506.295718
1004,2004.249444
1005,1590.874568
1006,238.8846049
1007,-620.0676823
1008,-904.9245961
1009,-812.2281668
1010,453.0701547
1011,-45.07323899
1012,-503.0321648
1013,-1128.279509
1014,-1110.4579
1015,-137.7313056
1016,-919.9967302
1017,-4044.278715
1018,-4489.474262
1019,-4717.884896
1020,-4062.983851
1021,-2954.52704
1022,-1503.088421
1023,-56.76964903
1024,0
1025,0
1026,0
1027,0
1028,0
1029,0
1030,0
1031,0
1032,0
1033,0
1034,0
1035,0
1036,0
1037,0
1038,0
1039,0
1040,0
1041,0
1042,0
1043,0
1044,0
1045,0
1046,0
1047,0
1048,0
1049,0
1050,0
1051,0
1052,0
1053,161.4093144
1054,1261.000318
1055,2469.013143
1056,2940.256718
1057,3155.038721
1058,3928.507797
1059,2622.434062
1060,3381.282799
1061,4031.54123
1062,2481.345923
1063,1568.420352
1064,1334.389563
1065,2159.643474
1066,3191.868232
1067,2161.798589
1068,2035.671129
1069,1071.836081
1070,749.3485286
1071,-283.3084063
1072,210.2464162
1073,523.8332039
1074,1057.617463
1075,-1361.607316
1076,-4091.225613
1077,-3933.003693
1078,-1143.229613
1079,-452.9685544
1080,-3571.79878
1081,-4318.99146
1082,-3710.850018
1083,-1542.852833
1084,-444.7336569
1085,-195.1168007
1086,-87.64454566
1087,-321.5535252
1088,-712.1809255
1089,-390.0772255
1090,135.2984596
1091,506.0816662
1092,131.6694542
1093,86.54965304
1094,-758.3026038
1095,-1296.100799
1096,-1592.294366
1097,-390.0446985
1098,-567.7033144
1099,-480.7774401
1100,-113.2574828
1101,-3.736639337
1102,15.01330764
1103,188.4419718
1104,950.546343
1105,2306.288748
1106,2697.539393
1107,2517.884618
1108,1065.884897
1109,719.4858564
1110,2607.204065
1111,3828.960542
1112,3374.011131
1113,1420.473684
1114,-98.64487035
1115,320.7348585
1116,945.6308115
1117,1669.934129
1118,2182.828503
1119,886.4246909
1120,1120.602454
1121,1336.792529
1122,1862.535639
1123,1135.295653
1124,954.6175704
1125,629.9567052
1126,422.4812418
1127,764.1239287
1128,1094.875943
1129,2231.198763
1130,1933.538356
1131,1159.688316
1132,99.56566925
1133,-230.6822083
1134,510.5377376
1135,1094.807662
1136,1411.216937
1137,891.4922637
1138,-682.2647963
1139,-595.8113739
1140,-588.0452326
1141,20.49258383
1142,-363.7976022
1143,-1274.919688
1144,-3692.66387
1145,-3104.742041
1146,-4205.344464
1147,-1833.276771
1148,-1993.969912
1149,-3726.054088
1150,-3692.840976
1151,-3125.052708
1152,-1743.079079
1153,-62.89595327
1154,0
1155,0
1156,0
1157,0
1158,0
1159,0
1160,0
1161,0
1162,0
1163,0
1164,0
1165,0
1166,0
1167,0
1168,0
1169,316.093242
1170,1296.121734
1171,2183.613439
1172,3175.761275
1173,4508.314813
1174,5463.729825
1175,4359.696782
1176,3095.789723
1177,603.5683997
1178,-642.9657878
1179,93.4574396
1180,-3420.258049
1181,-4889.221538
1182,-4737.14557
1183,-4407.490347
1184,-3575.427722
1185,-2350.489395
1186,-1015.6678
1187,0.738925827
1188,0
1189,0
1190,0
1191,0
1192,0
1193,0
1194,0
1195,0
1196,0
1197,3.620533461
1198,273.9502875
1199,895.0180474
1200,1868.095209
1201,2525.949175
1202,1774.355044
1203,921.7365784
1204,571.1454694
1205,144.4998657
1206,481.0551797
1207,149.8055734
1208,-436.7805271
1209,879.6995537
1210,2292.370933
1211,2893.122325
1212,3067.651008
1213,1740.235877
1214,1771.322722
1215,633.6413426
1216,1042.898643
1217,1084.717127
1218,428.0155804
1219,-257.8373205
1220,204.9162951
1221,194.1845834
1222,610.4923064
1223,753.3889442
1224,761.3743879
1225,191.8996771
1226,-206.7966186
1227,-662.0315341
1228,-2186.069535
1229,-355.681609
1230,459.1826955
1231,1336.289933
1232,239.8893919
1233,-154.8335032
1234,-1031.88509
1235,-2696.336168
1236,-2098.031959
1237,-2678.186032
1238,-3601.338807
1239,-2211.127081
1240,-2000.391602
1241,-1469.322021
1242,-540.0666941
1243,-434.2545225
1244,-42.65901072
1245,0
1246,0
1247,0
1248,0
1249,0
1250,0
1251,0
1252,53.67696929
1253,-41.85433013
1254,39.38347567
1255,84.4836376
1256,51.98127479
1257,93.69417195
1258,327.0561879
1259,359.5015083
1260,602.1559221
1261,1199.88526
1262,1527.540899
1263,1867.163351
1264,167.2688625
1265,-1394.98933
1266,-934.1706056
1267,-491.0013068
1268,1384.741988
1269,2063.813201
1270,3083.989769
1271,3594.704586
1272,3834.148992
1273,3229.902388
1274,2548.715395
1275,1430.869347
1276,1516.122347
1277,762.2229798
1278,893.4343347
1279,1503.134815
1280,1332.972645
1281,101.7488559
1282,-696.8794517
1283,-359.769387
1284,-249.8316765
1285,479.5384371
1286,1157.761435
1287,1161.282221
1288,1460.71976
1289,12.75090587
1290,392.655696
1291,669.8189002
1292,1753.43104
1293,2163.366426
1294,1375.7436
1295,133.469932
1296,296.8497127
1297,529.4672331
1298,2811.065945
1299,3441.867858
1300,2451.132948
1301,1999.084302
1302,81.85380636
1303,-222.7832909
1304,-1326.077384
1305,-5572.399116
1306,-5234.46423
1307,-5237.415431
1308,-5147.192496
1309,-4276.441287
1310,-3359.945364
1311,-2345.736768
1312,-1374.574495
1313,-239.1832876
1314,0
1315,0
1316,0
1317,0
1318,0
1319,0
1320,0
1321,0
1322,0
1323,0
1324,0
1325,0
1326,0
1327,0
1328,0
1329,0
1330,0
1331,0
1332,0
1333,0
1334,0
1335,0
1336,0
1337,0
1338,237.2126178
1339,1174.328665
1340,1931.923189
1341,2693.028223
1342,2301.230798
1343,3029.952197
1344,2846.86997
1345,2179.301875
1346,1441.907713
1347,1098.809153
1348,2201.274188
1349,2087.31939
1350,1444.845485
1351,753.5773494
1352,-1043.219281
1353,-1020.685296
1354,-595.8582817
1355,-155.8464127
1356,129.9441305
1357,-223.3253663
1358,-2098.978435
1359,-1982.216702
1360,-1519.419965
1361,-867.5200689
1362,-1285.086638
1363,-3062.830743
1364,-3127.543513
1365,-2606.201222
1366,-1684.916195
1367,-559.9187157
1368,0
1369,0
1370,0
1371,0
1372,0
1373,0
1374,0
1375,0
1376,0
1377,0
1378,0
1379,0
1380,0
1381,0
1382,0
1383,0
1384,0
1385,0
1386,0
1387,0
1388,0
1389,0
1390,574.7004521
1391,1399.912654
1392,2159.056937
1393,3006.002954
1394,3619.821819
1395,3544.865121
1396,232.1715191
1397,843.0103946
1398,4339.107229
1399,2710.418114
1400,2353.711298
1401,750.9161036
1402,-921.2019361
1403,-1552.194238
1404,-1017.108899
1405,-82.69620258
1406,66.91354391
1407,-3974.730564
1408,-3122.104618
1409,-455.4927933
1410,203.5019533
1411,775.4241162
1412,1419.393512
1413,2209.995895
1414,3104.617521
1415,2904.164739
1416,2567.947124
1417,848.4955295
1418,791.2035244
1419,978.3206606
1420,-2014.325933
1421,-4300.003874
1422,-3377.361269
1423,-1827.11815
1424,589.9859651
1425,3431.245108
1426,3817.712688
1427,2921.48744
1428,2461.986065
1429,1982.998842
1430,1795.007737
1431,1877.856667
1432,1252.161421
1433,-606.9108708
1434,-629.0918223
1435,273.46211
1436,980.6421572
1437,1088.412767
1438,1038.223831
1439,375.2971423
1440,705.8655786
1441,790.8225923
1442,669.0992996
1443,658.6817916
1444,322.7727309
1445,895.5817897
1446,613.0211102
1447,968.8968421
1448,303.2204491
1449,507.6445631
1450,2399.639877
1451,2197.977894
1452,1910.668027
1453,2268.604734
1454,1834.778773
1455,2436.502932
1456,2657.773616
1457,2198.67436
1458,1382.586629
1459,-102.9715097
1460,-352.5050253
1461,752.2558261
1462,1718.899529
1463,1953.392895
1464,1995.30176
1465,-1048.047668
1466,-1286.148476
1467,-198.6248612
1468,2367.127401
1469,3090.843554
1470,2131.371223
1471,692.1320687
1472,184.7758932
1473,193.0279399
1474,287.4179002
1475,588.1204038
1476,1573.2995
1477,1181.572628
1478,1061.930432
1479,1476.384061
1480,2892.374657
1481,3095.134805
1482,2423.963377
1483,436.3741396
1484,-1247.765249
1485,-7458.427863
1486,-6573.274511
1487,-5314.143519
1488,-4737.407375
1489,-4646.649172
1490,-4321.605071
1491,-3993.467511
1492,-2983.508513
1493,-1730.12735
1494,-367.5254926
1495,0
1496,0
1497,0
1498,0
1499,0
1500,0
1501,0
1502,0
1503,0
1504,0
1505,0
1506,0
1507,0
1508,0
1509,0
1510,0
1511,0
1512,0
1513,0
1514,0
1515,0
1516,0
1517,0
1518,0
1519,0
1520,0
1521,0
1522,0
1523,0
1524,0
1525,0
1526,0
1527,0
1528,0
1529,0
1530,0
1531,0
1532,0
1533,345.4850655
1534,851.1792819
1535,1160.917113
1536,1576.494583
1537,2446.899465
1538,2753.249928
1539,2141.537497
1540,1597.185386
1541,850.5006195
1542,477.4482054
1543,-279.8600561
1544,247.1429031
1545,188.9895579
1546,218.1647693
1547,-276.1330153
1548,-130.5098621
1549,629.5077762
1550,2130.173662
1551,72.16537077
1552,-2180.86164
1553,-1528.5369
1554,-2984.444839
1555,-1198.981631
1556,82.68883629
1557,1123.947107
1558,511.8308988
1559,714.2664294
1560,1281.612302
1561,1873.292616
1562,3100.892797
1563,4201.297475
1564,4006.797427
1565,3204.899463
1566,916.8801699
1567,2571.482102
1568,2553.146447
1569,3706.434117
1570,3512.280294
1571,2900.336849
1572,1337.190453
1573,1207.572585
1574,2025.640104
1575,1870.938124
1576,1589.429916
1577,880.0242134
1578,-229.3215988
1579,-105.5245024
1580,650.9497253
1581,1644.758774
1582,1962.199188
1583,1621.902511
1584,609.1279591
1585,629.8572655
1586,1358.940429
1587,2626.230854
1588,2806.047328
1589,2583.828421
1590,1713.354019
1591,668.6165827
1592,1309.765542
1593,2588.057979
1594,4050.535128
1595,3857.009993
1596,2369.048076
1597,876.3554412
1598,512.5744377
1599,1146.883824
1600,1870.118605
1601,2572.900476
1602,2053.974458
1603,1104.881749
1604,925.5764856
1605,1350.551369
1606,2892.865265
1607,3085.598558
1608,2661.679822
1609,1132.534698
1610,295.1329723
1611,414.5455808
1612,1938.46607
1613,2733.860741
1614,2415.74724
1615,1276.597652
1616,363.7408546
1617,337.4538563
1618,1048.518138
1619,2030.286026
1620,1341.317433
1621,657.9536632
1622,-271.8918491
1623,-294.9927289
1624,561.879962
1625,2007.58034
1626,3040.487556
1627,1963.521427
1628,815.2863154
1629,150.6674166
1630,247.7276562
1631,1215.899328
1632,1817.530086
1633,1320.014968
1634,2.726817479
1635,586.5228666
1636,-271.9485822
1637,1291.061535
1638,1966.127989
1639,1797.226438
1640,1275.503464
1641,507.5554109
1642,682.1223596
1643,1817.942073
1644,3060.611884
1645,3279.441017
1646,2458.095459
1647,2267.113059
1648,1117.147368
1649,1363.373837
1650,2900.326284
1651,2714.182508
1652,1717.905976
1653,-182.9668838
1654,-1029.386806
1655,-1087.031068
1656,-151.0926867
1657,704.5708516
1658,2004.194153
1659,934.8176646
1660,-734.5932149
1661,-1420.535945
1662,1021.452519
1663,2262.349046
1664,1934.375231
1665,513.5900866
1666,-2.481088446
1667,7.346131374
1668,829.63454
1669,1213.851065
1670,1160.137499
1671,584.3094818
1672,-1095.256229
1673,-1827.697844
1674,-1443.331901
1675,-465.7338007
1676,-125.6299261
1677,-278.8703285
1678,-1337.52444
1679,-2798.056671
1680,-2107.349075
1681,-1558.242126
1682,-592.3332309
1683,-490.624153
1684,-945.1297418
1685,-1345.956932
1686,-484.8185398
1687,-303.6398208
1688,-296.4004284
1689,-606.6335595
1690,-2280.008757
1691,-3158.724976
1692,-1561.05346
1693,-803.9146008
1694,-48.59292427
1695,-522.0536273
1696,-748.7733724
1697,-2046.801095
1698,-1361.823895
1699,-1529.84037
1700,-1204.520947
1701,-648.900824
1702,-56.82636355
1703,0
1704,0
1705,0
1706,0
1707,0
1708,0
1709,0
1710,0
1711,0
1712,0
1713,0
1714,0
1715,0
1716,69.73455927
1717,1140.48943
1718,2278.758442
1719,3352.196684
1720,4162.798862
1721,4650.332568
1722,4214.301863
1723,3955.55382
1724,2052.739265
1725,3648.671096
1726,4445.650804
1727,4745.00536
1728,5033.093287
1729,1921.615737
1730,2056.080346
1731,2270.505844
1732,3776.454295
1733,4365.473027
1734,3822.935167
1735,778.0233477
1736,849.7951081
1737,791.6681428
1738,1228.367933
1739,3027.833508
1740,4172.412024
1741,2180.418657
1742,229.5343971
1743,755.8121675
1744,1923.564521
1745,2659.165328
1746,2286.3066
1747,1502.246708
1748,1011.198039
1749,895.4391721
1750,1293.103733
1751,1533.649745
1752,41.79603693
1753,-1369.510205
1754,-1404.110363
1755,-5449.399246
1756,-5072.10395
1757,-5932.761065
1758,-4072.512129
1759,-4233.4617
1760,-4728.292998
1761,-4643.975026
1762,-3113.348187
1763,-3250.581888
1764,-2448.712029
1765,-1677.315833
1766,-468.5868504
1767,0
1768,0
1769,0
1770,0
1771,0
1772,504.1743273
1773,1484.688496
1774,2303.029583
1775,3254.084824
1776,4631.935763
1777,5693.242376
1778,6004.882933
1779,4831.205467
1780,936.8154658
1781,4345.55725
1782,4798.674204
1783,4210.871434
1784,1632.90684
1785,20.15123886
1786,-937.3466665
1787,-638.4389912
1788,42.32956599
1789,-115.6025623
1790,-5185.467661
1791,-6202.820826
1792,-6070.70117
1793,-5064.885645
1794,-3839.540201
1795,-3014.481169
1796,-2440.061258
1797,-1740.572066
1798,-403.6278286
1799,0
1800,0
1801,0
1802,0
1803,0
1804,0
1805,0
1806,0
1807,0
1808,0
1809,0
1810,0
1811,0
1812,0
1813,0
1814,0
1815,0
1816,0
1817,720.2784645
1818,1790.363273
1819,2792.944706
1820,3859.468066
1821,4913.90938
1822,5406.995822
1823,5626.452862
1824,6147.012123
1825,3517.578461
1826,4430.344631
1827,7695.794982
1828,5349.565277
1829,2193.013845
1830,3289.482967
1831,1566.775713
1832,3317.593899
1833,4029.119886
1834,1915.567439
1835,1460.384031
1836,465.5776717
1837,17.68084078
1838,766.1729091
1839,3409.029153
1840,2481.122416
1841,399.4123966
1842,38.43903129
1843,-50.04051614
1844,710.2957135
1845,2318.836696
1846,2561.165747
1847,1725.316842
1848,579.7656111
1849,177.726572
1850,360.3551913
1851,2387.687217
1852,2781.436089
1853,2933.069646
1854,14.46466617
1855,-351.9384722
1856,578.4827546
1857,1722.332652
1858,2008.865892
1859,1724.296077
1860,789.5452867
1861,-2510.227451
1862,-3747.071015
1863,-3663.947024
1864,-3303.890936
1865,-3916.111492
1866,-5385.326565
1867,-5105.877054
1868,-5689.83192
1869,-4442.197983
1870,-3065.997285
1871,-2840.988534
1872,-2503.884343
1873,-1556.042411
1874,-138.3283803
